[
    {
        "index" : 1,
        "given" : {"GlobalWarming" : "False"},
        "tofind" : {"AI" : "True"}
    },
    {
        "index" : 2,
        "given" : {"FossilFuels": "False", "Traffic": "True"},
        "tofind" : {"GlobalWarming": "False"}
    },
    {
        "index" : 3,
        "given" : {"GlobalWarming" : "False"},
        "tofind" : {"AI" : "False"}
    },
    {
        "index" : 4,
        "given" : {"FossilFuels": "False", "Traffic": "True"},
        "tofind" : {"AI": "False"}
    },
	
	{
        "index" : 5,
        "given" : {"GlobalWarming" : "False"},
        "tofind" : {"Employed" : "True"}
    },
    {
        "index" : 6,
        "given" : {"FossilFuels": "False", "Traffic": "True"},
        "tofind" : {"GlobalWarming": "False"}
    },
    {
        "index" : 7,
        "given" : {"GlobalWarming" : "False"},
        "tofind" : {"Employed" : "False"}
    },
    {
        "index" : 8,
        "given" : {"FossilFuels": "False", "Traffic": "True"},
        "tofind" : {"Employed": "False"}
    } 
]