{
    "variables": {
        "FossilFules": [
            "True",
            "False"
        ],       
        "Traffic": [
            "True",
            "False"
        ],
		"GlobalWarming": [
            "True",
            "False"
        ],
		"AI" : [
			"True",
			"False"
		],
		"Employed" : [
			"True",
			"False"
		]
		 
    },
    "dependencies": {
        "GlobalWarming": [
            "FossilFules",
            "Traffic"
        ],
        "AI": [
            "GlobalWarming"
        ],
        "Employed": [
            "GlobalWarming"
        ]
    }
}