{
    "prior_probabilities": {
        "FossilFules": {
            "True": 0.01,
            "False": 0.99
        },
        "Traffic": {
            "True": 0.02,
            "False": 0.98
        }
    },
    "conditional_probabilities": {
        "GlobalWarming": [
            {
                "FossilFules": "True",
                "Traffic": "True",
                "own_value": "True",
                "probability": 0.95
            },
            {
                "FossilFules": "True",
                "Traffic": "True",
                "own_value": "False",
                "probability": 0.05
            },
            {
                "FossilFules": "False",
                "Traffic": "True",
                "own_value": "True",
                "probability": 0.29
            },
            {
                "FossilFules": "False",
                "Traffic": "True",
                "own_value": "False",
                "probability": 0.71
            },
            {
                "FossilFules": "True",
                "Traffic": "False",
                "own_value": "True",
                "probability": 0.94
            },
            {
                "FossilFules": "True",
                "Traffic": "False",
                "own_value": "False",
                "probability": 0.06
            },
            {
                "FossilFules": "False",
                "Traffic": "False",
                "own_value": "True",
                "probability": 0.001
            },
            {
                "FossilFules": "False",
                "Traffic": "False",
                "own_value": "False",
                "probability": 0.999
            }
        ],
		
		"AI": [
            {
                "GlobalWarming": "True",
                "own_value": "True",
                "probability": 0.9
            },
            {
                "GlobalWarming": "True",
                "own_value": "False",
                "probability": 0.1
            },
            {
                "GlobalWarming": "False",
                "own_value": "True",
                "probability": 0.05
            },
            {
                "GlobalWarming": "False",
                "own_value": "False",
                "probability": 0.95
            }
        ],
        "Employed": [
            {
                "GlobalWarming": "True",
                "own_value": "True",
                "probability": 0.7
            },
            {
                "GlobalWarming": "True",
                "own_value": "False",
                "probability": 0.3
            },
            {
                "GlobalWarming": "False",
                "own_value": "True",
                "probability": 0.01
            },
            {
                "GlobalWarming": "False",
                "own_value": "False",
                "probability": 0.99
            }
        ] 
    }
}